"","X1","X2","X3","X4","X5","X6","X7","X8","X9","X10","X11","X12","X13","X14","X15","X16","X17","X18","X19","X20","X21","X22","X23","X24","X25","X26","X27","X28","X29","X30","X31","X32","X33","X34","X1.1","X2.1","X3.1","X4.1","X5.1","X6.1","X7.1","X8.1","X9.1","X10.1","X11.1","X12.1","X13.1","X14.1","X15.1","X16.1","X17.1","X18.1","X19.1","X20.1","X21.1","X22.1","X23.1","X24.1","X25.1","X26.1","X27.1","X28.1","X29.1","X30.1","X31.1","X32.1","X33.1","X34.1","X1.2","X2.2","X3.2","X4.2","X5.2","X6.2","X7.2","X8.2","X9.2","X10.2","X11.2","X12.2","X13.2","X14.2","X15.2","X16.2","X17.2","X18.2","X19.2","X20.2","X21.2","X22.2","X23.2","X24.2","X25.2","X26.2","X27.2","X28.2","X29.2","X30.2","X31.2","X32.2","X33.2","X34.2","X1.3","X2.3","X3.3","X4.3","X5.3","X6.3","X7.3","X8.3","X9.3","X10.3","X11.3","X12.3","X13.3","X14.3","X15.3","X16.3","X17.3","X18.3","X19.3","X20.3","X21.3","X22.3","X23.3","X24.3","X25.3","X26.3","X27.3","X28.3","X29.3","X30.3","X31.3","X32.3","X33.3","X34.3"
"1",0.00791325054284842,0.00792668575016016,0.011414570423845,0.011414570423845,0.0150566488510233,0.0218064500639676,0.0218064500639676,0.0167623702513199,0.0148613519121754,0.0333568467887294,0.0383952055749114,0.0425456754677798,0.0425456754677798,0.0247447941320104,0.0498235761734991,0.0512042509576338,0.0512042509576338,0.0484792232337387,0.0492067239273789,0.108002872168896,0.128215570993535,0.128215570993535,0.119671020987375,0.103746682450693,0.0956120520576629,0.0911589906897861,0.0666914467800041,0.0735119590791298,0.0735671012435977,0.0804169974263773,0.0804169974263773,0.0433625863542045,0.0326087116992591,0,0.0155130015204685,0.0155130015204685,0.00947138889311961,0.00795966893701863,0.0265061784179294,0.0265061784179294,0.0327516242736707,0.0327516242736707,0.0143170676177654,0.0375204080144858,0.0375204080144858,0.0478193246536557,0.0518625288046104,0.0518625288046104,0.0189960915967078,0.0189960915967078,0.0343391250657082,0.0385242067632984,0.0681162287738338,0.0681162287738338,0.0680486357181675,0.108758319649093,0.129706030337502,0.129706030337502,0.0666240739284249,0.0609947989494741,0.102505020756287,0.102505020756287,0.0879457380798468,0.110343727369726,0.132323523996882,0.132323523996882,0.0820675842159165,0,0.0176477537845188,0.0176477537845188,0.0071661527978532,0.00575718899939884,0.0374184522002251,0.0445050949502734,0.0445050949502734,0.0322120372416402,0.0199689709772105,0.0301801482151852,0.0588484949343753,0.0651216701978942,0.0651216701978942,0.0564863067800735,0.0322026149632266,0.0200588754367203,0.025845754629671,0.0545735693391406,0.080196454083457,0.080196454083457,0.0699351880628566,0.0895045553720334,0.0895045553720334,0.0767211645947355,0.090191386255145,0.194559191019867,0.265230435460093,0.385191438010736,0.385191438010736,0.272763043417914,0.0504236046477352,0.0504236046477352,0.0484514156507035,0,0.00482500881650174,0.00696471352514844,0.00696471352514844,0.00827376900076624,0.0322746347120979,0.0389576700316046,0.0389576700316046,0.0335933538740006,0.0233335503158795,0.0327886793624529,0.0406482675916289,0.0748645711205287,0.110473044744935,0.110473044744935,0.107138576047877,0.0372120123890172,0.0312505438634475,0.109559897704163,0.149120471594949,0.149120471594949,0.0652831736395118,0.0652831736395118,0.0742107599576216,0.0853936027545954,0.0900726361876336,0.140114975250186,0.175973349972948,0.175973349972948,0.100282320721621,0.118202030187396,0.118202030187396,0.0835993268463167,0.0283990935893832,0
"2",0.0324742573615653,0.058441599778859,0.0849986484597776,0.0849986484597776,0.0807456553033912,0.0353214734725175,0.029738322831441,0.0370645054883199,0.0441341926605948,0.0445497467836456,0.0524280746465017,0.0526738274175102,0.0526738274175102,0.0348848978193599,0.0535618653216724,0.0535618653216724,0.0512042509576338,0.0484792232337387,0.0613286339165748,0.152680463032798,0.155350692468348,0.155350692468348,0.153666321946009,0.12585026292718,0.118907343743026,0.116771042648571,0.0929134884005765,0.0735119590791298,0.0735671012435977,0.0833922264298251,0.0833922264298251,0.0433625863542045,0.0326087116992591,0,0.0155130015204685,0.0327710675787393,0.0412861349750929,0.0414390832296405,0.0542568748750725,0.0608403560027319,0.0608403560027319,0.042887164498831,0.0427347377878961,0.038934389118331,0.0520554774347105,0.064709991575347,0.064709991575347,0.0518625288046104,0.0366413111109477,0.0366413111109477,0.0453530855502794,0.053965773766872,0.0681162287738338,0.0681162287738338,0.0885367010036009,0.108758319649093,0.129706030337502,0.129706030337502,0.0794660502375899,0.111060018328398,0.111060018328398,0.123584945872392,0.123584945872392,0.135818076099231,0.135818076099231,0.132323523996882,0.0863946511701764,0,0.0272712148885056,0.0282083870236546,0.0282083870236546,0.024782781182663,0.0374184522002251,0.0505706384115865,0.0505706384115865,0.0496564201076787,0.0334854283083691,0.0347189799321993,0.067020962341688,0.0672802345227235,0.0672802345227235,0.0564863067800735,0.0349343909249803,0.0349343909249803,0.0371315145310564,0.0545735693391406,0.080196454083457,0.080196454083457,0.0739035756036659,0.0895045553720334,0.0895045553720334,0.0862604505883871,0.090191386255145,0.205514081333663,0.265230435460093,0.385191438010736,0.385191438010736,0.272763043417914,0.126829055696135,0.0871011635504909,0.0871011635504909,0,0.0359960796513414,0.0359960796513414,0.0264157363900513,0.027130187414014,0.0322746347120979,0.0470885346085385,0.0470885346085385,0.0335933538740006,0.0274939034577463,0.0327886793624529,0.0430892697323101,0.0748645711205287,0.110473044744935,0.110473044744935,0.107138576047877,0.0428122479152721,0.0398258950031691,0.109559897704163,0.149120471594949,0.149120471594949,0.0875007563349361,0.06705191943512,0.08540014718963,0.0898921311428433,0.095671829255877,0.140114975250186,0.175973349972948,0.175973349972948,0.100282320721621,0.118202030187396,0.118202030187396,0.0835993268463167,0.040106035836623,0
"3",0.0584744243035834,0.0695591634918157,0.0901953546051407,0.109241700626898,0.112907536407051,0.115098671331751,0.123664265626233,0.132024795133885,0.132024795133885,0.0852230458025358,0.0855891000180061,0.0855891000180061,0.0784605240274199,0.075222952487219,0.0792689515386439,0.088726873248215,0.088726873248215,0.0855932018120674,0.0853201016623386,0.152680463032798,0.155350692468348,0.155350692468348,0.153666321946009,0.12585026292718,0.118907343743026,0.142627550613934,0.142627550613934,0.142566974029197,0.122328400182573,0.0853644701341023,0.0833922264298251,0.0787712463457218,0.0787712463457218,0,0.0258904483768525,0.0465199942590176,0.0465199942590176,0.0453785700902835,0.0736863436218387,0.0801574657882433,0.0801574657882433,0.063768045529183,0.063768045529183,0.038934389118331,0.0520554774347105,0.0704965030715541,0.0704965030715541,0.049330197693807,0.0366413111109477,0.0366413111109477,0.0453530855502794,0.053965773766872,0.0655375012311883,0.0655375012311883,0.0885367010036009,0.0929017458528417,0.0929017458528417,0.0877178519634167,0.0794660502375899,0.167538608062648,0.206295695272196,0.206295695272196,0.190130180199109,0.135818076099231,0.135818076099231,0.125784040283718,0.0863946511701764,0,0.0463333398012091,0.0708643394452977,0.0708643394452977,0.0403216733860584,0.035832445707664,0.091960222928013,0.091960222928013,0.0577845331331389,0.0446729857134812,0.0446729857134812,0.067020962341688,0.0678708079329745,0.0678708079329745,0.036381319726785,0.0349343909249803,0.0349343909249803,0.0375843818968149,0.0376040406130247,0.0701466601846712,0.0804352391563593,0.0804352391563593,0.0890504649813528,0.0890504649813528,0.097858539854523,0.097858539854523,0.205514081333663,0.245124144583258,0.301392807813851,0.301392807813851,0.220073000203479,0.17021939445474,0.138083120347227,0.0902607081556145,0,0.0659504412371194,0.0659504412371194,0.0534030765652292,0.0379289553391525,0.0379289553391525,0.0673541670349282,0.0773168708866008,0.0773168708866008,0.0501662802870981,0.0303899117298556,0.0430892697323101,0.0556287265989408,0.0786077243056677,0.0878446583197521,0.0878446583197521,0.0428122479152721,0.0398258950031691,0.0863095476694662,0.11925031878237,0.11925031878237,0.0875007563349361,0.06705191943512,0.08540014718963,0.0961675676044303,0.142748761753931,0.142748761753931,0.131766040430462,0.131766040430462,0.102018026082521,0.102018026082521,0.0728982292211689,0.07041145717015,0.07041145717015,0
"4",0.102436477103571,0.107312145377305,0.107312145377305,0.109241700626898,0.112907536407051,0.115098671331751,0.123664265626233,0.132024795133885,0.132024795133885,0.0852230458025358,0.0855891000180061,0.0855891000180061,0.0784605240274199,0.075222952487219,0.0792689515386439,0.11111594590091,0.125298117577504,0.125298117577504,0.117578302094035,0.0961495075123454,0.0805757152489502,0.0782808229014034,0.070932167931244,0.0708022157755246,0.0954464746919635,0.211683573440846,0.230014134552128,0.230014134552128,0.122328400182573,0.107762486505141,0.0984093396409977,0.0857190910286229,0.0787712463457218,0,0.0512375633926708,0.0512375633926708,0.0465199942590176,0.0453785700902835,0.0736863436218387,0.0801574657882433,0.0801574657882433,0.0698703335999944,0.063768045529183,0.0315467723030422,0.0358632996919776,0.0704965030715541,0.0704965030715541,0.0272948472372953,0.0440361914711404,0.0534497798284574,0.0534497798284574,0.0467379155246252,0.0575789735524303,0.0575789735524303,0.0660490497539855,0.0660490497539855,0.107218339640326,0.107218339640326,0.114513995031785,0.184870806896742,0.209164521759493,0.209164521759493,0.190130180199109,0.133361202911314,0.102294971458056,0.102294971458056,0.0517870122122846,0,0.0482057863639444,0.0751256765971908,0.0751256765971908,0.0534554677345973,0.035832445707664,0.091960222928013,0.091960222928013,0.0602800809349854,0.0446729857134812,0.0446729857134812,0.0403146655091081,0.0678708079329745,0.0678708079329745,0.036381319726785,0.0316268175926366,0.0410436513810174,0.0410436513810174,0.0375843818968149,0.0443523417623871,0.10226049227798,0.10226049227798,0.0869657792570138,0.083340528178551,0.148974966040053,0.148974966040053,0.174558968741523,0.174558968741523,0.214755012782289,0.214755012782289,0.182070549614443,0.182070549614443,0.143008048454187,0.0902607081556145,0,0.0659504412371194,0.0659504412371194,0.0534030765652292,0.0379289553391525,0.0380586485349808,0.0730065844402838,0.0773168708866008,0.0773168708866008,0.0501662802870981,0.029018214888438,0.0237028789916664,0.0293091605351956,0.0293091605351956,0.0212953829204395,0.0307936567238527,0.0370296973792035,0.0370296973792035,0.0520029062736557,0.0596891297739906,0.0705302298299282,0.0879348502298584,0.0879348502298584,0.0750288762820303,0.0961675676044303,0.142748761753931,0.142748761753931,0.128001902214063,0.12040180789349,0.129687358087195,0.129687358087195,0.105592109819482,0.0972315963557414,0.07041145717015,0
"5",0.102436477103571,0.107312145377305,0.107312145377305,0.0942593709006031,0.102335885116636,0.11465141155313,0.119887145171814,0.119887145171814,0.131040784125766,0.144602462961194,0.15531842549759,0.158102167414239,0.158102167414239,0.118486037611637,0.094111484550062,0.11111594590091,0.125298117577504,0.125298117577504,0.117578302094035,0.0961495075123454,0.0941482602233869,0.093153790589603,0.093153790589603,0.0864420877521495,0.0954464746919635,0.211683573440846,0.230014134552128,0.230014134552128,0.108840819290082,0.108840819290082,0.0984093396409977,0.0857190910286229,0.0557320509590195,0,0.0535250726729009,0.0535250726729009,0.0443368199406367,0.0395469793790587,0.0330421371434497,0.0683339436605969,0.0698703335999944,0.0698703335999944,0.0288569365214563,0.0319548729447104,0.0421384481051844,0.0421384481051844,0.037736031569254,0.033298365828412,0.0440361914711404,0.0534497798284574,0.0584549260826055,0.0584549260826055,0.0575789735524303,0.0588382936950961,0.0660490497539855,0.0660490497539855,0.149081416246895,0.190258777533791,0.190258777533791,0.184870806896742,0.209164521759493,0.209164521759493,0.174526250364443,0.133361202911314,0.115022778488624,0.0716048021170843,0.0517870122122846,0,0.0651548547935215,0.0751256765971908,0.0751256765971908,0.0534554677345973,0.0273361614960617,0.0898041611309103,0.0898041611309103,0.0602800809349854,0.0273730319469091,0.0236021242524829,0.0430429531096349,0.0430429531096349,0.0253393162371543,0.0266442917213589,0.0266442917213589,0.0410436513810174,0.0530348050264547,0.0530348050264547,0.0443523417623871,0.10226049227798,0.10226049227798,0.0869657792570138,0.062344799777139,0.148974966040053,0.148974966040053,0.144351032795877,0.144351032795877,0.19657963592047,0.19657963592047,0.182070549614443,0.182070549614443,0.143008048454187,0.07500915541021,0,0.0440977299605642,0.0440977299605642,0.0345549102447105,0.0314531895434471,0.0380586485349808,0.0730065844402838,0.0730065844402838,0.0617970537380908,0.04717466169464,0.038973577660638,0.0472309933924097,0.0472309933924097,0.0400690415267604,0.0400690415267604,0.0332084887815911,0.0450517319556839,0.0450517319556839,0.0554286787792348,0.0645179283464486,0.0705302298299282,0.0879348502298584,0.0879348502298584,0.0828948674773331,0.0923056683908875,0.123423543768626,0.123423543768626,0.121551843715204,0.12040180789349,0.129687358087195,0.129687358087195,0.119052244410527,0.119052244410527,0.0680814201150402,0
"6",0.10257205716236,0.1192363276087,0.1192363276087,0.115214848131933,0.100759253599623,0.11204032321935,0.119887145171814,0.119887145171814,0.131040784125766,0.144602462961194,0.158113449593258,0.160685095550876,0.160685095550876,0.13418474538425,0.141008577451377,0.141008577451377,0.160906880812125,0.160906880812125,0.141960961039152,0.0958452168191632,0.0941482602233869,0.097165849135294,0.150151984775983,0.150151984775983,0.0942926448394939,0.0942926448394939,0.0753131364254088,0.105930015601885,0.108840819290082,0.108840819290082,0.0852340872172267,0.0530465169436535,0.0347109959887871,0,0.0682719090198653,0.0682719090198653,0.0443368199406367,0.0437753586861042,0.0383954366849491,0.0517682194800175,0.0587573185986457,0.0587573185986457,0.0323328966478072,0.0715906906035838,0.0896289175013406,0.0896289175013406,0.0685501654686145,0.0464177215081399,0.0837131876531833,0.0837131876531833,0.0600656766215426,0.0584549260826055,0.0403115074438631,0.0588382936950961,0.0754793398324796,0.0958230877636778,0.149081416246895,0.201553923936725,0.201553923936725,0.126480890371317,0.116892569369553,0.116892569369553,0.120345054252927,0.13577893465548,0.13577893465548,0.0641197290263412,0.0329170145923375,0,0.0778776842927059,0.133801431740517,0.133801431740517,0.0702054121844172,0.0401054874443381,0.0898041611309103,0.0898041611309103,0.0500793647629822,0.0339539951752212,0.0650563882086294,0.0850581122053347,0.0850581122053347,0.0703092499843706,0.0884963866337622,0.0884963866337622,0.0818136035457686,0.0661300416754475,0.0661300416754475,0.0556193174131251,0.10006629401201,0.10006629401201,0.0849125895220006,0.0692966634379666,0.147231645002242,0.147231645002242,0.138303696277584,0.156102992592758,0.298765535059539,0.314651316520299,0.314651316520299,0.259706857718643,0.138724772107511,0.0615007775435251,0,0.0480435560159617,0.0480435560159617,0.0610679285162677,0.0610679285162677,0.0332112411739581,0.0516463769755135,0.0523813668853709,0.0523813668853709,0.0289771686728632,0.0404536518044407,0.0635446074270982,0.0635446074270982,0.0719747829731209,0.117790808704164,0.117790808704164,0.073309529531896,0.0514792999457671,0.0728620277782187,0.0728620277782187,0.0645179283464486,0.0747582179499687,0.0828948674773331,0.0828948674773331,0.0923056683908875,0.0923056683908875,0.0906612140762776,0.0893812497515357,0.088864770809687,0.0848442107749588,0.0848442107749588,0.119052244410527,0.119052244410527,0.0680814201150402,0
"7",0.10257205716236,0.1192363276087,0.1192363276087,0.115214848131933,0.142861982315031,0.153205444378107,0.153205444378107,0.130247045183399,0.114514481354279,0.140459948379665,0.158113449593258,0.160685095550876,0.160685095550876,0.144062644980336,0.164794892663993,0.164794892663993,0.160906880812125,0.160906880812125,0.141960961039152,0.0958452168191632,0.0803166941853048,0.097165849135294,0.150151984775983,0.150151984775983,0.105031198980502,0.0608459639050226,0.0609845893040904,0.085052493968439,0.085052493968439,0.0680713278064533,0.0611246489613516,0.0488904072673223,0.0252610313635309,0,0.0705826412824041,0.0705826412824041,0.0665646097076685,0.0775348026932719,0.0989093206095007,0.0989093206095007,0.0763155555083917,0.0573173765601225,0.0721898954898604,0.0721898954898604,0.0896289175013406,0.0896289175013406,0.0685501654686145,0.0767623169095398,0.104127910587546,0.104127910587546,0.08088405479488,0.0667854471212619,0.0481658855732906,0.0511266928861193,0.0964980576896542,0.128477784702328,0.134760759141283,0.201553923936725,0.201553923936725,0.125611846333687,0.0652132720536981,0.0802712684777662,0.0802712684777662,0.13577893465548,0.13577893465548,0.039411687043122,0.0263725320642739,0,0.0778776842927059,0.148782002406736,0.148782002406736,0.100990545232526,0.0873750358571171,0.0873750358571171,0.093372789586206,0.093372789586206,0.0623591505728683,0.0684593329829402,0.0925679136977818,0.0925679136977818,0.0707870849660655,0.0979556689894592,0.0979556689894592,0.0903657146470884,0.0697742445789903,0.0661300416754475,0.0627003449717927,0.0598453123561672,0.0655564937754558,0.0918355397432151,0.10917024859625,0.194584843497008,0.194584843497008,0.130400442678145,0.156102992592758,0.298765535059539,0.346140860584377,0.346140860584377,0.277224463593386,0.103700543922159,0.0460372800077903,0,0.0480435560159617,0.0801386752465119,0.111652292318935,0.111652292318935,0.0939640202353906,0.0939640202353906,0.0561505057358772,0.0561505057358772,0.0853189151307123,0.0853189151307123,0.0635446074270982,0.0635446074270982,0.0719747829731209,0.117790808704164,0.117790808704164,0.101107720298306,0.0514792999457671,0.0728620277782187,0.0728620277782187,0.0571650853824538,0.0827049529956932,0.0827049529956932,0.0785168787604546,0.0854939360470019,0.0854939360470019,0.0827051310006031,0.0748893887119347,0.0539905174435325,0.0784853809421028,0.0784853809421028,0.0665164637325101,0.0566854840577306,0.0281378352556611,0
"8",0.0947466802535732,0.0947466802535732,0.0912062775740101,0.0918935178858654,0.142861982315031,0.189507348621397,0.232406455204694,0.232406455204694,0.170007810647654,0.219045089521184,0.219045089521184,0.182791824744739,0.149576011872875,0.149576011872875,0.164794892663993,0.164794892663993,0.148616370451029,0.0976954628082514,0.105058669702087,0.123603072758774,0.123603072758774,0.105080490626349,0.124740140251342,0.124740140251342,0.105031198980502,0.0430030236964854,0.069909558332291,0.085052493968439,0.085052493968439,0.0847292314234179,0.0748902526692946,0.0536666501501061,0.0260838356030355,0,0.0768330710281364,0.0768330710281364,0.0896522153153228,0.0896522153153228,0.139770883288039,0.13994353562217,0.13994353562217,0.148139900920922,0.178618525808637,0.178618525808637,0.0871981194683109,0.0775085643839325,0.0572531527403454,0.0899969227851739,0.104127910587546,0.104127910587546,0.08088405479488,0.0667854471212619,0.048615931756094,0.0531040422502771,0.0964980576896542,0.128477784702328,0.128477784702328,0.102627107784717,0.102627107784717,0.0802925281115629,0.0500106907137165,0.0915703532781372,0.0940682684939056,0.0940682684939056,0.0689063165033964,0.0642557982011122,0.0168253033944561,0,0.0771284078196632,0.148782002406736,0.148782002406736,0.100990545232526,0.0883632481767121,0.0873750358571171,0.093372789586206,0.093372789586206,0.0785985382163112,0.0785985382163112,0.0925679136977818,0.0925679136977818,0.0707870849660655,0.0979556689894592,0.0979556689894592,0.0903657146470884,0.0697742445789903,0.0627003449717927,0.0627003449717927,0.0598453123561672,0.0655564937754558,0.0918355397432151,0.116702085952131,0.194584843497008,0.194584843497008,0.118671021560815,0.138237271194644,0.289365762718003,0.346140860584377,0.346140860584377,0.277224463593386,0.0993614526259656,0.0485027686386385,0,0.0430425246388903,0.0801386752465119,0.118940919502958,0.118940919502958,0.109797518056436,0.109797518056436,0.0561505057358772,0.0972776949592005,0.112615930949072,0.112615930949072,0.0667151398065059,0.0667151398065059,0.0527978279547271,0.106971150569161,0.106971150569161,0.101107720298306,0.0501133840478202,0.0660942785886787,0.0660942785886787,0.0578945971006587,0.138710687372702,0.138710687372702,0.128800107057838,0.0713766472009587,0.0626483890888942,0.0490112335122593,0.0500032015596835,0.0504346788337929,0.0784853809421028,0.0784853809421028,0.0626158973015625,0.0428043876185471,0.0289299358435538,0
"9",0.19018014367412,0.19018014367412,0.157852313636846,0.185867545703023,0.185867545703023,0.189507348621397,0.236664767665327,0.236664767665327,0.211077881287659,0.219045089521184,0.219045089521184,0.182791824744739,0.149576011872875,0.149576011872875,0.131650028500761,0.0905599144748999,0.075780082080724,0.075780082080724,0.105058669702087,0.123603072758774,0.123603072758774,0.105080490626349,0.105080490626349,0.101030451446582,0.0764285157496909,0.110791821781564,0.138031110092134,0.138031110092134,0.12448004089302,0.0952798170010672,0.13018086067673,0.158999204505566,0.158999204505566,0,0.0863667347204583,0.0863667347204583,0.0896522153153228,0.0896522153153228,0.139770883288039,0.13994353562217,0.13994353562217,0.152564503499911,0.218475745249058,0.218475745249058,0.116218188529132,0.0644900411533624,0.0572531527403454,0.0899969227851739,0.0933985425237478,0.0933985425237478,0.0696861305050141,0.048615931756094,0.048615931756094,0.0531040422502771,0.0676469110938986,0.0676469110938986,0.0779814025147315,0.0788027839031108,0.0788027839031108,0.0527333312135512,0.0521148582274765,0.0915703532781372,0.0940682684939056,0.094208774241179,0.094208774241179,0.0721889250979757,0.062979305075865,0,0.0387541823730527,0.0607132423833263,0.0639112974606516,0.0883632481767121,0.0883632481767121,0.0815159028466437,0.073598862177002,0.073598862177002,0.0785985382163112,0.0785985382163112,0.0545715803459887,0.0351166118668037,0.0455601478192549,0.0845270021953763,0.0845270021953763,0.0789912585274667,0.0660753250871458,0.0407652824165695,0.0407652824165695,0.0473188409859504,0.0609696276636501,0.0874271656229511,0.116702085952131,0.178456130288745,0.178456130288745,0.08173192297792,0.100699508691888,0.203008920369193,0.229952992064418,0.229952992064418,0.153555911799693,0.0965835577531447,0.0485027686386385,0,0.081394017964112,0.081394017964112,0.118940919502958,0.118940919502958,0.109797518056436,0.109797518056436,0.0513436467017511,0.0972776949592005,0.112615930949072,0.112615930949072,0.085465637341684,0.085465637341684,0.0409178321534161,0.0584892905878482,0.0765501406746143,0.0765501406746143,0.046906542474074,0.0369103522685602,0.0369103522685602,0.0578945971006587,0.147590807194181,0.147590807194181,0.141963998562739,0.0817349749532388,0.0393407136580505,0.0468305666576322,0.0468305666576322,0.0482599465462452,0.0623423722319985,0.0626158973015625,0.116038483600104,0.116038483600104,0.0678866932154543,0
"10",0.19018014367412,0.19018014367412,0.157852313636846,0.185867545703023,0.185867545703023,0.172657604708821,0.236664767665327,0.236664767665327,0.211077881287659,0.211077881287659,0.208559043521607,0.142433919859235,0.111215088428325,0.111215088428325,0.10842278890198,0.0762403014453679,0.0476869854433319,0.0554064952861752,0.0780637096939561,0.0930616017441441,0.0930616017441441,0.092080905377493,0.092080905377493,0.116236930718276,0.116236930718276,0.110791821781564,0.162779439695433,0.173301333718477,0.173301333718477,0.151532875795589,0.151532875795589,0.158999204505566,0.158999204505566,0,0.0863667347204583,0.0863667347204583,0.0743011302114762,0.0743011302114762,0.0807115555577302,0.118421503334625,0.118421503334625,0.152564503499911,0.218475745249058,0.218475745249058,0.116218188529132,0.0644900411533624,0.0541196693793993,0.0526790511060341,0.0373022949273567,0.0331748540033565,0.0301486117534686,0.0233681288191442,0.044729769956941,0.0560913469647903,0.0666823395554318,0.0666823395554318,0.0637198115603821,0.101933181424674,0.103641998868139,0.103641998868139,0.0521148582274765,0.067641906361796,0.107764241630158,0.107764241630158,0.102525389679706,0.076327966025724,0.062979305075865,0,0.0387541823730527,0.0507299963356893,0.0639112974606516,0.0639112974606516,0.0462487248464041,0.0462487248464041,0.041066959469237,0.063664885033379,0.0639297404484678,0.0670702679357098,0.0670702679357098,0.049035956162989,0.037057230170449,0.037057230170449,0.0411849848982233,0.0411849848982233,0.0355406294896314,0.0270792938770588,0.020768748499573,0.0225968717357331,0.0609696276636501,0.0813783776220562,0.0813783776220562,0.0925278408259631,0.0925278408259631,0.0611532181211403,0.0878380534222188,0.1470304949956,0.1470304949956,0.0855687813562553,0.0855687813562553,0.0691767054599709,0.0299421967360626,0,0.081394017964112,0.081394017964112,0.0576491101512255,0.0576491101512255,0.0528897112342372,0.0528897112342372,0.0500304268072591,0.101551722725377,0.106015448524651,0.107575052939639,0.107575052939639,0.085465637341684,0.0409178321534161,0.05179418561804,0.0585506582803837,0.0585506582803837,0.0387734683582355,0.0212616523431741,0.0265588933615232,0.0429931473054299,0.147590807194181,0.147825645478526,0.147825645478526,0.107282725798587,0.0740102175193147,0.0740102175193147,0.0624312924188148,0.0482599465462452,0.0482599465462452,0.0676799530944975,0.116038483600104,0.116038483600104,0.0723790855036568,0
"11",0.097204058864426,0.0994692134048192,0.117269112348151,0.138729605429161,0.138729605429161,0.127646102688048,0.151169153045548,0.151169153045548,0.151298792746622,0.169700028781128,0.169700028781128,0.148836059867287,0.125519306139501,0.125519306139501,0.124288011109846,0.100690977897923,0.0787730371623672,0.075159146016421,0.0780637096939561,0.0930616017441441,0.0930616017441441,0.125412419705015,0.18412235600643,0.18412235600643,0.178852202271281,0.127585206867668,0.162779439695433,0.173301333718477,0.173301333718477,0.167691774791821,0.151532875795589,0.12632816397386,0.12632816397386,0,0.0297017348508767,0.066540964521076,0.066540964521076,0.0479963012438285,0.0310112680846393,0.084562023512719,0.084562023512719,0.141365742732784,0.141365742732784,0.13558477077376,0.10617735443462,0.0694648589537834,0.0541196693793993,0.0526790511060341,0.0331748540033565,0.0331748540033565,0.0301486117534686,0.027824395483831,0.044729769956941,0.0560913469647903,0.0560913469647903,0.0537204969514326,0.0977589408499854,0.101933181424674,0.103641998868139,0.103641998868139,0.0446924357405234,0.0606712816343779,0.107764241630158,0.107764241630158,0.102525389679706,0.076327966025724,0.0517518277649837,0,0.0272633837997036,0.0414470055592604,0.0414470055592604,0.0338559729506145,0.0204711896780389,0.041066959469237,0.041066959469237,0.063664885033379,0.0639297404484678,0.0670702679357098,0.0670702679357098,0.049035956162989,0.037057230170449,0.040827724251185,0.0478984076686472,0.0478984076686472,0.0355406294896314,0.0270792938770588,0.020768748499573,0.0225968717357331,0.04143389220383,0.074637321092013,0.074637321092013,0.0719525187470328,0.0547667020338714,0.0547667020338714,0.0282901276611189,0.0923767349599561,0.0923767349599561,0.0436723562653362,0.0347601517761421,0.0347601517761421,0.0276515996162053,0,0.0389503197234371,0.0389503197234371,0.0343128577070776,0.0325371949851512,0.0273639284918388,0.0309489825561231,0.0380217340742332,0.101551722725377,0.116845627083743,0.116845627083743,0.107575052939639,0.0753472900696146,0.0280516527487565,0.0493884652931915,0.0664996958532301,0.0664996958532301,0.0387734683582355,0.0212616523431741,0.0224854748208675,0.0401160090788114,0.142949548479073,0.147825645478526,0.147825645478526,0.107282725798587,0.0749726224244012,0.0749726224244012,0.0624312924188148,0.0623298741330845,0.0623298741330845,0.0676799530944975,0.0767250680815636,0.0767250680815636,0.0723790855036568,0
"12",0.0531841352316563,0.0531841352316563,0.0489577799478687,0.0371536706458883,0.0358455317425078,0.0358455317425078,0.058635343226494,0.106729244586787,0.148001216741495,0.237328499139596,0.249242487114394,0.249242487114394,0.186182489857857,0.146211578282272,0.149803967544488,0.155970592538851,0.155970592538851,0.131403750830278,0.0901259362175688,0.0855724989861197,0.0790523829859613,0.125412419705015,0.18412235600643,0.18412235600643,0.178852202271281,0.127585206867668,0.114776320868104,0.164216151407419,0.167691774791821,0.167691774791821,0.142138301632428,0.105209122389403,0.105209122389403,0,0.0236561155595269,0.0236561155595269,0.0236382377639387,0.0236382377639387,0.0147186458376082,0.0176496824443746,0.0666318649351392,0.0946482547079537,0.0981448335179651,0.10617735443462,0.10617735443462,0.0694648589537834,0.0457862638682702,0.0358261555277532,0.0402624137140699,0.0402624137140699,0.0292483127524456,0.027824395483831,0.0309626797649804,0.0309626797649804,0.0413015329503329,0.0537204969514326,0.0997453380443459,0.0997453380443459,0.0946029569324319,0.0783709077776937,0.0322527562821059,0.0499151840505787,0.0499151840505787,0.0374889073538472,0.0434698627938957,0.0434698627938957,0.021038036837508,0,0.0142849747910453,0.0231854936995716,0.0231854936995716,0.00790803519448137,0.0103419164906005,0.0105524842988046,0.0643423406428978,0.082796059675546,0.082796059675546,0.0546695057329003,0.049150958401857,0.0273638421620957,0.0198015192960129,0.040827724251185,0.0478984076686472,0.0478984076686472,0.0270650065044053,0.0245045433098991,0.0173880409639366,0.0200187594403475,0.0367096799016327,0.0659476206124414,0.0708291103516491,0.0870422918459137,0.0870422918459137,0.0539635280794652,0.0208988721595092,0.0382568810810224,0.0382568810810224,0.0339450767842103,0.0347601517761421,0.0347601517761421,0.0246196536035456,0,0.0225261969202346,0.0225261969202346,0.0205067589604712,0.0118102389519262,0.0135819172039351,0.0144753109574237,0.034059812147314,0.0366910046988475,0.116845627083743,0.116845627083743,0.0907427329495507,0.0378018388897443,0.0327868467755222,0.0419877192196456,0.0664996958532301,0.0664996958532301,0.038390232765219,0.0313571187386015,0.0153035301005305,0.0223142021677521,0.0852272967192438,0.0852272967192438,0.0841627696553887,0.0937982530184161,0.0937982530184161,0.0749726224244012,0.0274905231355049,0.0623298741330845,0.0623298741330845,0.0620410720269794,0.061770437746723,0.0529207779018823,0.0493584913129267,0
"13",0.0376034557539275,0.0376034557539275,0.0285167503452534,0.0212948260214848,0.0188481533090367,0.0188481533090367,0.0420594183088411,0.0907559816790003,0.197291691213503,0.237328499139596,0.249242487114394,0.249242487114394,0.186182489857857,0.146211578282272,0.149803967544488,0.155970592538851,0.155970592538851,0.131403750830278,0.0901259362175688,0.0855724989861197,0.13648983187515,0.212821661990646,0.212821661990646,0.203898765816091,0.167766134555667,0.115339802552326,0.0476667165514503,0.0890686786254596,0.0955494037918789,0.0955494037918789,0.11473234817451,0.136379729066377,0.136379729066377,0,0.0170590465008884,0.0170590465008884,0.0123816246765665,0.0123816246765665,0.00949756657363365,0.0102397701754166,0.0666318649351392,0.0946482547079537,0.0946482547079537,0.0871999534042938,0.0722609958080898,0.0675894527500867,0.0375302225042073,0.0358261555277532,0.0402624137140699,0.0402624137140699,0.0178502271419878,0.0178502271419878,0.0188011337170243,0.0287333313391732,0.0585435648032155,0.0585435648032155,0.0997453380443459,0.0997453380443459,0.0664479170337994,0.0363411387402411,0.0165578998148968,0.0270337011959585,0.0270337011959585,0.0198683798018541,0.0421306976211485,0.0421306976211485,0.021038036837508,0,0.0196984530918229,0.0196984530918229,0.00810822755096836,0.0077649374449294,0.0077649374449294,0.00993785637556878,0.112092847639497,0.14429870599536,0.14429870599536,0.0472249125102202,0.0683198358697827,0.0683198358697827,0.0194474562426459,0.0258809845480754,0.0283819342488106,0.0283819342488106,0.0248696716033178,0.0160635639394411,0.0119516202668612,0.0332993594635644,0.0439932757898829,0.0439932757898829,0.0630697714118645,0.087885683390718,0.087885683390718,0.0822828734726011,0.0126276106182316,0.0277299145236715,0.0277299145236715,0.0227092254855473,0.0244311827315426,0.0244311827315426,0.0220061657710321,0,0.0148791103565571,0.0172347884754599,0.0172347884754599,0.0103901507457504,0.00902814106097555,0.00634210876956137,0.0344953402514083,0.0570431134144731,0.0827014565040414,0.0931898538312541,0.0931898538312541,0.0648955007021816,0.050323017560093,0.0364037464153098,0.0372732784683391,0.0372732784683391,0.0313571187386015,0.0313571187386015,0.01984015185606,0.0324155722768231,0.0492566715895737,0.0492566715895737,0.0841627696553887,0.0937982530184161,0.0937982530184161,0.0712033488394517,0.0170046898331157,0.0381400287739233,0.0620410720269794,0.0620410720269794,0.061770437746723,0.0397216033599304,0.0368511942859065,0
"14",0.0552745501484391,0.0552745501484391,0.0396104192335396,0.0380129487960176,0.0349239030299962,0.0368288565781633,0.0401176377819523,0.11893727988433,0.232637712459977,0.234961115718512,0.234961115718512,0.199793939781079,0.161078791325658,0.139237884168408,0.10968559649325,0.108647679075284,0.113026415336095,0.113026415336095,0.110054340030849,0.131110343697316,0.177851800885319,0.212821661990646,0.212821661990646,0.203898765816091,0.0833488145226502,0.0297689775168201,0.0243880359590833,0.0389201555800181,0.0398679286624372,0.048054709580172,0.11473234817451,0.136379729066377,0.136379729066377,0,0.0192044617368652,0.0192044617368652,0.0117926410639732,0.00932444591179462,0.00805740786360977,0.0102397701754166,0.0359931087056574,0.065140836182686,0.0871999534042938,0.0871999534042938,0.0722609958080898,0.0720947441802635,0.0397991193626486,0.0265230050661527,0.0227741159910056,0.0229136305214893,0.0229136305214893,0.0269405243810824,0.0269405243810824,0.0401854776814686,0.0703125194200371,0.0703125194200371,0.0823320360334932,0.0823320360334932,0.0675702105727879,0.0369067509259406,0.0094150131585309,0.0182722753181492,0.0182722753181492,0.0198683798018541,0.0421306976211485,0.0421306976211485,0.0208521211328136,0,0.0283692639260211,0.0283692639260211,0.0110263444348676,0.00813609765930795,0.00813609765930795,0.00837487217064267,0.12477015970195,0.161595816798632,0.161595816798632,0.0862218416183681,0.0683198358697827,0.0683198358697827,0.0496157643447641,0.0217151360031023,0.0217151360031023,0.0248696716033178,0.0248696716033178,0.0164425432309919,0.0167948696221455,0.0376194911346815,0.0439932757898829,0.0447908380360635,0.0532390710321806,0.0889295144915401,0.0889295144915401,0.0848324441457704,0.00966210411017906,0.020548357213998,0.020548357213998,0.018033417988619,0.0226242789512473,0.0226242789512473,0.0184266608367532,0,0.0204686996442418,0.0204686996442418,0.00799738624569088,0.00757838866896414,0.0061491240433244,0.0130135000858714,0.0344953402514083,0.0853300940785597,0.0853300940785597,0.0931898538312541,0.0931898538312541,0.0648955007021816,0.050323017560093,0.0349276952290984,0.025373216952886,0.0276480098518877,0.0276480098518877,0.01984015185606,0.0209776550292164,0.0332811758523903,0.054088375845477,0.054088375845477,0.0377444794695546,0.0377444794695546,0.0376640459393408,0.0244575543005586,0.0115677431736163,0.0155246549569971,0.0517130181292464,0.0517130181292464,0.0379671360480131,0.0379671360480131,0.0368511942859065,0
"15",0.0817705157835457,0.0817705157835457,0.0629421973587735,0.0516213041662153,0.0391635207007759,0.0430095910017542,0.052083884832301,0.183247967264968,0.321711970128357,0.32267204947851,0.32267204947851,0.281350386531565,0.240013572662227,0.234251959623547,0.257629713852064,0.257629713852064,0.250773916602876,0.241504957910403,0.185774104775692,0.141711867037453,0.177851800885319,0.207641066649015,0.207641066649015,0.179194166775094,0.0724632582846192,0.0297689775168201,0.029206184358682,0.0324536472665425,0.0348207467038688,0.0348207467038688,0.0342422488995876,0.0319944760283982,0.0299042668003219,0,0.0192044617368652,0.0192044617368652,0.0117926410639732,0.00932444591179462,0.0108497484979721,0.0172558322427093,0.0406849334538549,0.0796041652759259,0.0796041652759259,0.0709039549290894,0.0720947441802635,0.0720947441802635,0.0397991193626486,0.0308731817129065,0.0510153446500454,0.0510153446500454,0.0388199633184548,0.0388199633184548,0.0354939432654145,0.0401854776814686,0.0703125194200371,0.0703125194200371,0.0823320360334932,0.0823320360334932,0.0675702105727879,0.0369067509259406,0.0094150131585309,0.00663633470062737,0.00663633470062737,0.00804178629114298,0.0187862795551008,0.0187862795551008,0.013513670795309,0,0.0283692639260211,0.0283692639260211,0.0110263444348676,0.00813609765930795,0.00813609765930795,0.0127664300376808,0.12477015970195,0.161595816798632,0.161595816798632,0.0862218416183681,0.0669159370002764,0.0669159370002764,0.0496157643447641,0.0382817131011525,0.0382817131011525,0.0377688977025565,0.0311018743186116,0.0332744864612129,0.0332744864612129,0.0376194911346815,0.0427135582150257,0.0447908380360635,0.0447908380360635,0.0898219781319568,0.0898219781319568,0.0848324441457704,0.00966210411017906,0.00672019327452337,0.00672019327452337,0.00766064995623504,0.0172502176823279,0.0172502176823279,0.0132019654272097,0,0.0212410324870568,0.0212410324870568,0.0105241440173106,0.00986921466118629,0.0108061328476454,0.0178764085326388,0.0702100952580393,0.0934971370529035,0.0934971370529035,0.0704006128614467,0.0672347778187048,0.0624827509067653,0.0407976981822914,0.0453648320133764,0.0555055022947152,0.0555055022947152,0.0560357842758894,0.0560357842758894,0.0390462042421838,0.0332811758523903,0.054088375845477,0.054088375845477,0.0377444794695546,0.0378765250260388,0.0378765250260388,0.0212807862513578,0.00886510565078793,0.00886510565078793,0.00741729827360858,0.0164193877345791,0.0164193877345791,0.0140702082373314,0.0124104452005028,0
"16",0.0817705157835457,0.0817705157835457,0.0629421973587735,0.0516213041662153,0.0391635207007759,0.0430095910017542,0.052083884832301,0.183247967264968,0.321711970128357,0.32267204947851,0.32267204947851,0.281350386531565,0.240013572662227,0.234251959623547,0.257629713852064,0.257629713852064,0.250773916602876,0.241504957910403,0.185774104775692,0.141711867037453,0.157030848742846,0.157284512610373,0.157284512610373,0.12462042619954,0.0393397289606737,0.0306401114773946,0.029206184358682,0.0324536472665425,0.0348207467038688,0.0348207467038688,0.0342422488995876,0.0319944760283982,0.0299042668003219,0,0.0150517251057308,0.0150517251057308,0.00878713258794178,0.00878713258794178,0.0213850980729462,0.0231944492215101,0.0406849334538549,0.0796041652759259,0.0796041652759259,0.0709039549290894,0.0682174236167357,0.0663900812357833,0.0378006347230674,0.0964454747154068,0.0964454747154068,0.073097835927462,0.0448050844535899,0.0495073590763602,0.0495073590763602,0.0271128981465437,0.0338061025927475,0.0338061025927475,0.0590893345095308,0.060044754209289,0.060044754209289,0.0382507543625458,0.0101690763195135,0.00663633470062737,0.00866384736013629,0.00866384736013629,0.00599135611822134,0.00559246493508478,0.00559246493508478,0,0.0259658858465012,0.0259658858465012,0.0122108686973087,0.0157510652161076,0.0157510652161076,0.0127664300376808,0.121171861566453,0.159936928332781,0.159936928332781,0.0991224581977199,0.0669159370002764,0.0669159370002764,0.0484775714219353,0.10160364917432,0.10160364917432,0.0880248864009212,0.07337276491967,0.0876974032074787,0.0876974032074787,0.0250494113125054,0.0204690798730473,0.0219813836481383,0.0495029360207422,0.121780464023408,0.121780464023408,0.102162473757567,0.0193400641359483,0.00813034224186967,0.0074656758313626,0.00766064995623504,0.00766064995623504,0.00526254520717616,0.00333903289639737,0,0.0212410324870568,0.0212410324870568,0.0109724095392654,0.0108298275512287,0.0108298275512287,0.0178764085326388,0.0702100952580393,0.0934971370529035,0.0982373467273881,0.0982373467273881,0.059325232364075,0.059325232364075,0.0407976981822914,0.0733520021699662,0.0733520021699662,0.0657079843914473,0.0800473049471495,0.105566369944235,0.105566369944235,0.0368369758850862,0.0183395345991817,0.0296272623660976,0.0346842889619295,0.0427073527148567,0.0427073527148567,0.0212807862513578,0.0105586862335406,0.00642631376416407,0.00598698156353758,0.00609345184501194,0.00722713207302761,0.00722713207302761,0.00589080677594017,0
"17",0.0954787121899947,0.0954787121899947,0.0874081519765423,0.0870537572033186,0.0688104534021204,0.0362235340524215,0.0452546409986726,0.0992802259717305,0.166337293134383,0.173063552339284,0.173063552339284,0.123598626036105,0.103792989022973,0.172142745405012,0.243123450914535,0.243123450914535,0.243039228915494,0.228051753233556,0.162027736890105,0.0801265413911383,0.0713080139650778,0.0698200079069197,0.0609176124198341,0.0751892385895509,0.0966695422003263,0.112134075626968,0.112134075626968,0.0994359700722645,0.081639122935087,0.0600422260912903,0.0347231274786114,0.0276039469285161,0.0238165352687982,0,0.0200211421995302,0.0200211421995302,0.0180292354737308,0.0433560519401935,0.0433560519401935,0.042631595070006,0.0285602410553171,0.0748843670783583,0.0748843670783583,0.0687735225600003,0.0687735225600003,0.0672709374429466,0.0404525798530624,0.0964454747154068,0.0964454747154068,0.073097835927462,0.0448050844535899,0.0568049675323912,0.0568049675323912,0.0247779162870039,0.0162716085745412,0.0221169959282304,0.0542077386383456,0.0726055986054771,0.0726055986054771,0.0534680187965603,0.0231404628094935,0.0276326234976123,0.0276326234976123,0.0191168281238742,0.0191168281238742,0.00791107247450792,0.00419886153500905,0,0.0261279636678883,0.0261279636678883,0.014319208758236,0.0313382715307405,0.0384556452609595,0.0384556452609595,0.130181033120089,0.179448385509633,0.179448385509633,0.0991224581977199,0.0717625691039982,0.0413481565424726,0.0517118601982426,0.129217100284694,0.129217100284694,0.0907817642194904,0.0822801802295979,0.100316194127716,0.100316194127716,0.0282721354859621,0.0132358202656678,0.0132358202656678,0.0632548571843271,0.153889780295224,0.153889780295224,0.120583232538745,0.0253481239203313,0.0146061243041625,0.0107378397793984,0.0107378397793984,0.0106798090584204,0.00578340787877069,0.00333903289639737,0,0.0168269138735224,0.0168269138735224,0.020890050181457,0.0469826694300878,0.0469826694300878,0.030562993466185,0.0397866942970527,0.0931349225824247,0.0982373467273881,0.0982373467273881,0.0645903472602937,0.0333661387232282,0.0265786478538597,0.0733520021699662,0.0733520021699662,0.0657079843914473,0.0819147322284591,0.113084803383612,0.113084803383612,0.0388295367485188,0.0183395345991817,0.0251992346646465,0.0346842889619295,0.0771695711206643,0.0771695711206643,0.0706307888943771,0.0242622755330732,0.0315918673889436,0.0315918673889436,0.0129504892742724,0.0106000600549608,0.00575579290027398,0.00360595634387321,0
"18",0.157284346546526,0.157284346546526,0.149360544144221,0.125327688712352,0.08961890094112,0.0634612177416017,0.0470543561732485,0.0470543561732485,0.145695986607579,0.145695986607579,0.156489836834559,0.156489836834559,0.0772261107386372,0.0864191365154397,0.134892074152081,0.16322620953988,0.16322620953988,0.154260072996069,0.119002014473408,0.0567335292315895,0.0575127008400273,0.0575127008400273,0.0567418700849821,0.100673253360444,0.14291876639072,0.143426661237854,0.143426661237854,0.121731332326391,0.112988627532827,0.105076871624612,0.0583297727571102,0.0324092030499737,0.0263644526019085,0,0.0312270950804817,0.0418143437036102,0.0649774693897157,0.066900417310066,0.066900417310066,0.0632396945803425,0.0346662707434094,0.0380201853499404,0.0649265319645754,0.166147251257484,0.203584348163956,0.203584348163956,0.0441798158469124,0.0945010746928562,0.0945010746928562,0.0653029735984502,0.0435354963360345,0.0568049675323912,0.0568049675323912,0.0264438718838387,0.0244043769854428,0.0148578468498661,0.0531172484543432,0.12109843057987,0.12109843057987,0.0755484635898035,0.0377126184245661,0.0396721786442388,0.0396721786442388,0.02180883344914,0.02180883344914,0.00791107247450792,0.00419886153500905,0,0.0435158080063376,0.0435158080063376,0.0284903735176751,0.0339177097635369,0.0384556452609595,0.0384556452609595,0.130181033120089,0.19910196964939,0.19910196964939,0.224705380638201,0.224705380638201,0.108952152295135,0.0517118601982426,0.129217100284694,0.129217100284694,0.0907817642194904,0.0822801802295979,0.100316194127716,0.100316194127716,0.0282721354859621,0.0117687672417561,0.0139705001979907,0.0632548571843271,0.153889780295224,0.153889780295224,0.120583232538745,0.0283360002380138,0.0283360002380138,0.0220272895537896,0.0300647130673577,0.0300647130673577,0.00691382535094025,0.0028045052099018,0,0.0281224709447548,0.0344533471469097,0.0344533471469097,0.0508290899509023,0.0511846259344256,0.0511846259344256,0.0346702395612548,0.076930170425349,0.132189184111396,0.132189184111396,0.112547054765382,0.0633824517170879,0.0271628308141122,0.0644233129066043,0.0644233129066043,0.0599377935373427,0.0819147322284591,0.113084803383612,0.113084803383612,0.0388295367485188,0.0169218469639118,0.0129976911349872,0.0336552430597581,0.0771695711206643,0.0812574518408091,0.0812574518408091,0.0486897395419032,0.037257672383796,0.0681637312049843,0.0681637312049843,0.0674471594819476,0.0107643894395985,0.00612754384605405,0
"19",0.172117306409523,0.172117306409523,0.149360544144221,0.125327688712352,0.08961890094112,0.0634612177416017,0.0470543561732485,0.0470543561732485,0.145695986607579,0.145695986607579,0.156489836834559,0.156489836834559,0.106227215021658,0.0933455702833519,0.10063239584872,0.102187422799814,0.102187422799814,0.103146415777462,0.111277807689702,0.111830230682127,0.111830230682127,0.110460057293783,0.122155134837518,0.128406318686662,0.14291876639072,0.143426661237854,0.148476281089154,0.14919357738783,0.14919357738783,0.12335791815738,0.0872519014278673,0.053921004111579,0.0263644526019085,0,0.0329544166674481,0.0418143437036102,0.0649774693897157,0.0683210816654198,0.0683210816654198,0.0632396945803425,0.0346662707434094,0.0380201853499404,0.158069093901115,0.205561768108531,0.205561768108531,0.203584348163956,0.0457451844939151,0.0740073059114812,0.0740073059114812,0.0486619580346445,0.0444164449066578,0.0444164449066578,0.0414290102079031,0.0428313494975994,0.0496750497665224,0.0497172441513155,0.0531172484543432,0.12109843057987,0.12109843057987,0.0755484635898035,0.0377126184245661,0.0424768363426737,0.0424768363426737,0.0409960524615556,0.0409960524615556,0.0259832556916203,0.00396969111125652,0,0.0435158080063376,0.0435158080063376,0.0284903735176751,0.0339177097635369,0.0382232729047368,0.0382232729047368,0.127863341095115,0.19910196964939,0.19910196964939,0.257660631094273,0.257660631094273,0.154118725857559,0.042670910146945,0.0762551768591752,0.0762551768591752,0.0622117869424469,0.0605448410255426,0.0626823517786762,0.0626823517786762,0.0585436753972497,0.0582338969710655,0.0530061450201398,0.0622510039028183,0.143041278267742,0.143041278267742,0.115249660602883,0.0451495120461526,0.0451495120461526,0.0374221985987127,0.0329310227779006,0.0329310227779006,0.0127962409038086,0.00313794425864882,0,0.0281224709447548,0.0344533471469097,0.0344533471469097,0.0508290899509023,0.0511846259344256,0.0511846259344256,0.0429942430903848,0.0722848995496822,0.132189184111396,0.132189184111396,0.112547054765382,0.0895649312682459,0.0801437534926568,0.0453554091809384,0.0591612851788976,0.0591612851788976,0.0468372877934325,0.0898870018252637,0.0898870018252637,0.0458351761987316,0.0458351761987316,0.0414554961587567,0.0354039594203049,0.0696893104735115,0.0812574518408091,0.0812574518408091,0.0778523741419859,0.0778523741419859,0.0829537915779563,0.0829537915779563,0.0674471594819476,0.024910088940119,0.00807131841159611,0
"20",0.172117306409523,0.172117306409523,0.14659339083648,0.0705625750911763,0.0360693576503575,0.0360693576503575,0.0471630442469602,0.126106565393576,0.242596759275426,0.242596759275426,0.241906429019658,0.221197009630464,0.205807902224518,0.205938187921802,0.213141745388943,0.225117611082592,0.235639932311481,0.242004208264564,0.254983970161538,0.259400429134612,0.262767785927543,0.262767785927543,0.230105640152781,0.200029817995044,0.185384802927483,0.165699859654453,0.148476281089154,0.14919357738783,0.14919357738783,0.12335791815738,0.0872519014278673,0.053921004111579,0.0183421856793657,0,0.0329544166674481,0.0403725265061956,0.0494047730229977,0.0683210816654198,0.0683210816654198,0.0383654567034131,0.0458913781050812,0.0572568398216016,0.158069093901115,0.205561768108531,0.205561768108531,0.190232732721578,0.0457451844939151,0.0443614818131157,0.0443614818131157,0.0432536924543003,0.0444164449066578,0.0444164449066578,0.0414290102079031,0.0428313494975994,0.0496750497665224,0.0497172441513155,0.0497172441513155,0.0559991978724947,0.0714151886980014,0.0714151886980014,0.0342766500994732,0.0424768363426737,0.0424768363426737,0.0409960524615556,0.0409960524615556,0.0259832556916203,0.00396969111125652,0,0.0336708194375592,0.0336708194375592,0.0210130863262273,0.027412467882778,0.0376436563391666,0.0376436563391666,0.125683861560461,0.19752506748717,0.19752506748717,0.257660631094273,0.257660631094273,0.154118725857559,0.042670910146945,0.0511217199605187,0.0511217199605187,0.048571816505942,0.0605448410255426,0.0605448410255426,0.0588659709359808,0.0585436753972497,0.0582338969710655,0.0530061450201398,0.0530061450201398,0.0759069313219648,0.0948953824606141,0.0948953824606141,0.0481875821441948,0.0481875821441948,0.0374221985987127,0.0329310227779006,0.0329310227779006,0.0127962409038086,0.00405432177614707,0,0.0243764349733955,0.0243764349733955,0.0220775983545089,0.0370473663364484,0.0370473663364484,0.0324960643077291,0.0559145051311236,0.0871896369245917,0.0871896369245917,0.0794534054273153,0.0895649312682459,0.0895649312682459,0.0801437534926568,0.0389892765570492,0.0436378184321846,0.0468372877934325,0.0468372877934325,0.0441202601078816,0.043872283029478,0.0458351761987316,0.0458351761987316,0.0414554961587567,0.0372348350357252,0.040635102189121,0.043925352038307,0.0994441413855723,0.103024874672126,0.103024874672126,0.0829537915779563,0.0829537915779563,0.0490439451563573,0.024910088940119,0.00807131841159611,0
"21",0.142322281054035,0.142322281054035,0.132780769713187,0.0683493345762252,0.026562757710211,0.0244766309839439,0.0471630442469602,0.126106565393576,0.242596759275426,0.242596759275426,0.241906429019658,0.221197009630464,0.205807902224518,0.205938187921802,0.213141745388943,0.225117611082592,0.235639932311481,0.242004208264564,0.254983970161538,0.259400429134612,0.262767785927543,0.262767785927543,0.230105640152781,0.200029817995044,0.185384802927483,0.165699859654453,0.146346780779224,0.147052458418802,0.147052458418802,0.118994971548419,0.0775988983841823,0.0379988735245467,0.0176468949303961,0,0.0159861025892449,0.0211944465071279,0.0233245003511025,0.0233245003511025,0.0218685334208413,0.00742229719769623,0.0458913781050812,0.0572568398216016,0.0865551033603464,0.107461123074497,0.107461123074497,0.0450841371813909,0.0280585769783923,0.0280585769783923,0.028977952252847,0.028977952252847,0.0269521484647191,0.0290834488972837,0.0290834488972837,0.0285188164034611,0.0381302248203246,0.0406217208123958,0.0406217208123958,0.0305057113286766,0.0305057113286766,0.0273260402665655,0.0342766500994732,0.0352864827886683,0.0352864827886683,0.0366072148641413,0.0366072148641413,0.0108280435169606,0.00220886304246234,0,0.0170040907288303,0.0170040907288303,0.0155016472914111,0.0102240775324725,0.0102240775324725,0.00606278526257789,0.0673586199576925,0.105515176852808,0.105515176852808,0.147964058105203,0.147964058105203,0.0735705144177736,0.0228365798307179,0.0219429371262251,0.0189195305233304,0.0204207939894004,0.0231909907408662,0.0290033090741446,0.0290033090741446,0.0229510951167861,0.0298858648524742,0.0361781281760197,0.0361781281760197,0.0236218346366256,0.0236218346366256,0.0376860571716978,0.0481875821441948,0.0481875821441948,0.0305803913690691,0.0305803913690691,0.0296991161520415,0.00738398949793977,0.00475814599053972,0,0.0243764349733955,0.0243764349733955,0.0219546710021684,0.018380768282427,0.011299854900441,0.00701448694680532,0.0559145051311236,0.0871896369245917,0.0871896369245917,0.0653977650192988,0.0536735044847956,0.0536735044847956,0.0259459533515116,0.0260413341065804,0.0260413341065804,0.034225205757536,0.034225205757536,0.0323325820356832,0.0330267235693712,0.0330267235693712,0.0332807760403106,0.0372348350357252,0.0372348350357252,0.0254405095940126,0.0365765270478868,0.0994441413855723,0.103024874672126,0.103024874672126,0.0638278464022424,0.0409815961773114,0.0409815961773114,0.0159638188077594,0.00795677619125133,0
"22",0.0221511531843115,0.0281362134539934,0.0281362134539934,0.0269397630650562,0.026562757710211,0.0236434974824158,0.0374538017453985,0.0924778525976513,0.155370409789605,0.172146130568042,0.17658057287881,0.181640110515795,0.18337344384422,0.189916055668228,0.191017311842441,0.191017311842441,0.188984074236062,0.182866828350248,0.178547446794454,0.169472106600179,0.160064438494409,0.142874148312774,0.123344048451468,0.0945800528149598,0.076556398972959,0.0589364442821065,0.0780450369726234,0.0830118074604385,0.0830118074604385,0.0400739514589233,0.0272222895396339,0.0149809253314979,0.0127634021059409,0,0.00730938783069344,0.00730938783069344,0.00818528593883999,0.00818528593883999,0.00631943599384852,0.00499285607612522,0.0444338591158603,0.0514973886464335,0.0514973886464335,0.0361151675617347,0.0361151675617347,0.0257456005249255,0.023216586492659,0.0215860670543761,0.0184392931401781,0.0220877504299586,0.0220877504299586,0.021206680492909,0.021535564531794,0.0235971599092208,0.0271115182149163,0.0271115182149163,0.0250717484799291,0.0158764231970717,0.0158764231970717,0.0216307307197393,0.033488551123302,0.0378755180020341,0.0378755180020341,0.0317872421692977,0.00605979368855579,0.0030941237165372,0.0030941237165372,0,0.00609918243508265,0.00609918243508265,0.00724862748733215,0.00724862748733215,0.00469483633442859,0.00654449326601014,0.0226585640472402,0.036870827347073,0.036870827347073,0.0312322160697594,0.0312322160697594,0.0228365798307179,0.0228365798307179,0.0180212681383276,0.0189195305233304,0.0204207939894004,0.0231909907408662,0.0290033090741446,0.0290033090741446,0.0229510951167861,0.024588745446333,0.0424329649466074,0.0424329649466074,0.028705809677245,0.0206662706449254,0.0235475342659883,0.0470646011396361,0.0470646011396361,0.033527586354586,0.0242965609603183,0.00833747150779138,0.00475814599053972,0.00475814599053972,0,0.0079176636655991,0.0082897522576237,0.00988945122304476,0.00988945122304476,0.00728701687076291,0.00643387144512766,0.0223999982044209,0.0531532026028054,0.0531532026028054,0.0432204602593716,0.035079480824489,0.0243614961773968,0.0243614961773968,0.0233956851233102,0.0233956851233102,0.0278405353688285,0.0278405353688285,0.0248240170925578,0.0248240170925578,0.0235419995339007,0.0332807760403106,0.0332807760403106,0.0301847156586632,0.0220756033898741,0.0189793750966669,0.0570315444032244,0.0769320145939286,0.0769320145939286,0.0611509613046002,0.0268391060249553,0.0113149845661997,0.00690611684734377,0.00483121470626188,0
"23",0.021475524924054,0.0246445129154145,0.02666830789937,0.02666830789937,0.0265184017101297,0.0231948904022441,0.0156750571839109,0.0116213240502748,0.00673241399890609,0.00660767881990636,0.0130452791787907,0.0196071599798801,0.0206859951866269,0.0206859951866269,0.0206006592712804,0.0206006592712804,0.0202763969539171,0.0154132390322171,0.0116670311652253,0.0137643519354813,0.017552839248021,0.0186104311879792,0.0197936844936357,0.0197936844936357,0.0143239951538786,0.0143239951538786,0.0447521508460289,0.0547844044645992,0.0547844044645992,0.0522652892417292,0.0110568529505617,0.00655043369247283,0.00567816247544295,0,0.00366695378557585,0.00468182024526834,0.00591629516829535,0.00594367042202717,0.00594367042202717,0.00402943374376251,0.00388648713757032,0.00363299613003133,0.0062915776937025,0.0062915776937025,0.0083454894771473,0.0083454894771473,0.00769224944794048,0.00856205764397193,0.00856205764397193,0.00611424245221537,0.00685772059364333,0.00725461311108648,0.00725461311108648,0.00654761707664844,0.0120238255239141,0.0211705230666436,0.021199974326365,0.021199974326365,0.00873992726380808,0.00923031535866416,0.0295950504802743,0.038510852894926,0.038510852894926,0.0343396419656647,0.0120620759845504,0.00688244470741067,0.0030941237165372,0,0.00557325850030023,0.00557325850030023,0.0058574937364449,0.0058574937364449,0.0046512731445959,0.00654449326601014,0.00863284862900482,0.00863284862900482,0.0053367319561743,0.00658772759224037,0.00706537487818365,0.00954651942004722,0.00954651942004722,0.00833052094342431,0.00833052094342431,0.00720205469915393,0.0109343014961733,0.0109343014961733,0.00846600944531444,0.00846600944531444,0.0193862890001303,0.0799167283219443,0.0799167283219443,0.063150665938413,0.00834440541877664,0.0132001778303752,0.0288914590461845,0.033527586354586,0.033527586354586,0.0242965609603183,0.00834365714483099,0.00451867005581433,0.00342120168637227,0,0.0036313155882138,0.0036313155882138,0.00424407758940823,0.00728701687076291,0.00728701687076291,0.00590777348531762,0.00497171536888064,0.00475675151906267,0.00475675151906267,0.00512641036901697,0.00512641036901697,0.00507792349325859,0.00628583188390268,0.00628583188390268,0.00604710153001114,0.00574706079027307,0.00686778154262438,0.00686778154262438,0.00499734663220534,0.00578705215938987,0.0182779525970624,0.021556857357969,0.021556857357969,0.0147789445677682,0.00745061505964129,0.00846786150273383,0.0310999624141892,0.0663825073833525,0.076144699648779,0.076144699648779,0.0352235725831033,0.00504844778763229,0.00483121470626188,0
"24",0.00782839660369015,0.00782839660369015,0.00724983056080269,0.00788814201565929,0.00902805338777402,0.00902805338777402,0.00860950066968178,0.00714032398085394,0.00632716510131139,0.00660767881990636,0.00681719059047187,0.00889699005945527,0.00988307986657122,0.00988307986657122,0.00915283187069974,0.00879252115268876,0.00879252115268876,0.0106549144503242,0.0106549144503242,0.0110373447015785,0.0211614782083342,0.0426179805949178,0.044549766297168,0.044549766297168,0.0272233867531514,0.0126488639390388,0.0447521508460289,0.0547844044645992,0.0547844044645992,0.0522652892417292,0.0186784921451123,0.00851288155819064,0.00778876427783165,0,0.00381942919877946,0.00503666909971137,0.00755233579104923,0.00755233579104923,0.00670171009659455,0.00505076184666895,0.00433917125295875,0.00433917125295875,0.00264872672296465,0.00286188463695787,0.00315902431855072,0.00331310950156097,0.00381226783150924,0.00580346004529481,0.00580346004529481,0.00444728030989767,0.00480994150665988,0.00480994150665988,0.00359733818969625,0.00359733818969625,0.017877360543957,0.0229910862494647,0.0260098819842874,0.0260098819842874,0.0195343356869292,0.00500220696560802,0.0295950504802743,0.038510852894926,0.038510852894926,0.0343396419656647,0.0217200709775513,0.0100262830813579,0.00226403455207582,0,0.00568786518138479,0.00568786518138479,0.00523802947228161,0.00523802947228161,0.00390683837803675,0.00438276560331901,0.00438276560331901,0.00307111158450533,0.0040002181335205,0.0040002181335205,0.00358935767288334,0.00434001797047164,0.00434001797047164,0.00447903225851585,0.00497701506811378,0.00497701506811378,0.00448605785174164,0.00401720580240012,0.00373578813165294,0.00614886095873239,0.0193862890001303,0.0799167283219443,0.0799167283219443,0.0775672134600092,0.0270496391955382,0.00475964201128136,0.0273043486091308,0.0324778414539604,0.0324778414539604,0.0307836995500008,0.0307836995500008,0.0115964950151112,0.00342120168637227,0,0.00380370527766161,0.00390532282322546,0.0048063169890145,0.0048063169890145,0.00318861585194791,0.00342331820485716,0.00346070548276818,0.00346070548276818,0.00299329057543026,0.0031812210435961,0.0031812210435961,0.00496779458446127,0.00505091844632911,0.00522093804027034,0.00522093804027034,0.00447457653254461,0.0043657413686126,0.0043657413686126,0.00441361305326674,0.00441361305326674,0.0162780487937454,0.0253220141462031,0.0297683191253966,0.0297683191253966,0.0245374954046204,0.00849051015429818,0.0250973170740403,0.0663825073833525,0.0777467554267157,0.0777467554267157,0.0556666472268625,0.0080090069976475,0.00326436986781755,0
"25",0.0306299420928961,0.0306299420928961,0.0262177223032275,0.0176721087550399,0.0117617932985648,0.0127564584483593,0.0128195291178051,0.0128195291178051,0.0102283279632214,0.00943719481294652,0.00943719481294652,0.0143420903223909,0.0152655625110559,0.0158139468917461,0.0158139468917461,0.012437265880548,0.011959076912745,0.0118109091096617,0.0145157057164401,0.0189699597894777,0.0211614782083342,0.0426179805949178,0.044549766297168,0.044549766297168,0.0272233867531514,0.0195978416374425,0.0240632355032663,0.0410384525408972,0.0410384525408972,0.026516480210996,0.0186784921451123,0.00927248990900608,0.00778876427783165,0,0.0077855902834715,0.0077855902834715,0.00762566766248559,0.00755233579104923,0.00748617162735695,0.00505076184666895,0.00433917125295875,0.00433917125295875,0.0038321501736396,0.00512083176950871,0.00512083176950871,0.00366192507444477,0.00519054973371729,0.00580346004529481,0.00580346004529481,0.00444728030989767,0.00480994150665988,0.00480994150665988,0.00430660335310293,0.00387969739565109,0.017877360543957,0.032833446696298,0.032833446696298,0.0260098819842874,0.0195343356869292,0.00786550233156124,0.022229462124093,0.0334118945417994,0.0334118945417994,0.0262998935526968,0.0217200709775513,0.0106794114645029,0.00253925105913531,0,0.00693698016606365,0.00693698016606365,0.00601358430957936,0.00601358430957936,0.00385848457049215,0.00385848457049215,0.00328392785158478,0.00417322671651042,0.00980756846332638,0.00980756846332638,0.00476238872757073,0.00434001797047164,0.00434001797047164,0.00447903225851585,0.00548904535518604,0.00548904535518604,0.00448605785174164,0.00402873778189967,0.00402873778189967,0.00614886095873239,0.0180407563720365,0.0698274806979587,0.0775672134600092,0.0775672134600092,0.0503866397498901,0.00799986524979238,0.0127016539908393,0.0162233226764185,0.0245323083954197,0.0323658872374026,0.0323658872374026,0.0170703524598585,0.00326340143183391,0,0.00380370527766161,0.00390532282322546,0.00534018345992167,0.00534018345992167,0.00393202786326308,0.00393202786326308,0.00308929429361829,0.00495190056033353,0.00626994639763589,0.00626994639763589,0.00385220773570926,0.00496779458446127,0.00576528930929685,0.00641900811192366,0.00641900811192366,0.00511018130596014,0.0043657413686126,0.0043657413686126,0.00512059162383444,0.00512059162383444,0.0126818955395255,0.0253220141462031,0.0297683191253966,0.0297683191253966,0.0245374954046204,0.0089678451106314,0.0129390891814437,0.0511394137239999,0.0777467554267157,0.0777467554267157,0.0557577326599281,0.038539018352686,0.00569539141846291,0
"26",0.0306299420928961,0.0306299420928961,0.0262177223032275,0.0176721087550399,0.0117617932985648,0.0127564584483593,0.0128195291178051,0.0128195291178051,0.0115438863588104,0.0115438863588104,0.0113196354936701,0.0143420903223909,0.0152655625110559,0.0158139468917461,0.0158139468917461,0.012437265880548,0.0120695371733673,0.0120695371733673,0.0145157057164401,0.0189699597894777,0.0205849068900957,0.040235568009473,0.040235568009473,0.0358851124676706,0.0349729064034131,0.0331371306061425,0.0323432595110924,0.0341297845245398,0.0341297845245398,0.0293884825949806,0.0167249835376784,0.0147255609392614,0.0115907416326969,0,0.0077855902834715,0.0077855902834715,0.00790429294092701,0.00790429294092701,0.00748617162735695,0.00549071171652994,0.00549071171652994,0.00431644565801305,0.00893494180476114,0.00893494180476114,0.00847772878829712,0.0055589624116762,0.0055589624116762,0.00569155206387731,0.00569155206387731,0.00452180748210472,0.00452180748210472,0.00430660335310293,0.00430660335310293,0.00387969739565109,0.0114674143283413,0.032833446696298,0.032833446696298,0.0190542310102839,0.0190542310102839,0.0161212563289157,0.0161212563289157,0.020938095686268,0.020938095686268,0.0283827174119015,0.0315474419523496,0.0315474419523496,0.0167529831635213,0,0.00693698016606365,0.00693698016606365,0.00601358430957936,0.00601358430957936,0.0038435876571942,0.00293434257918559,0.00328392785158478,0.00417322671651042,0.00980756846332638,0.00980756846332638,0.00581096922911897,0.00421039303541336,0.00421039303541336,0.006022426787101,0.00717591348232326,0.00717591348232326,0.00563461109905574,0.00563461109905574,0.00402873778189967,0.00429567789844758,0.0111274169285614,0.051318665890165,0.072113544833543,0.072113544833543,0.0503866397498901,0.0113094132263814,0.0133807975690104,0.0133807975690104,0.0245323083954197,0.0323658872374026,0.0393519905789401,0.0393519905789401,0.0163370116979136,0,0.00492122371187369,0.00509445905544039,0.00534018345992167,0.00534018345992167,0.00527020920018856,0.00393202786326308,0.00332497570422106,0.00799281734418551,0.0101538892161153,0.0101538892161153,0.00793119616266108,0.00440312159014695,0.00576528930929685,0.0070461423085446,0.0070461423085446,0.00610275395545739,0.00602666676303408,0.00602666676303408,0.00543386371992291,0.00525708012566597,0.00670620726129932,0.0173989977918182,0.0393445955374236,0.0393445955374236,0.0303964625126344,0.0131086217528071,0.0129390891814437,0.0273359055267721,0.0621307776559945,0.0621307776559945,0.0557577326599281,0.0431613518378618,0.015732869372176,0
"27",0.0186247759335877,0.0186247759335877,0.0157636405544314,0.0104859026369691,0.0101769328451825,0.0101769328451825,0.00935434354976119,0.00906201363253668,0.0115438863588104,0.0115438863588104,0.0113196354936701,0.0107029380280552,0.0107029380280552,0.010723795832758,0.010723795832758,0.010607423946282,0.0120695371733673,0.0120695371733673,0.0108076637282055,0.013559617474008,0.0149094905524198,0.0149094905524198,0.0265945025303013,0.0349729064034131,0.0349729064034131,0.0331371306061425,0.0323432595110924,0.0341297845245398,0.0341297845245398,0.0293884825949806,0.0167249835376784,0.0147255609392614,0.0115907416326969,0,0.00279523698207144,0.00733157297343338,0.00790429294092701,0.00790429294092701,0.00581555327881566,0.00549071171652994,0.00549071171652994,0.00431644565801305,0.00893494180476114,0.00893494180476114,0.00847772878829712,0.0055589624116762,0.0055589624116762,0.00403656817160946,0.00321517964396292,0.00452180748210472,0.00452180748210472,0.0034446189678146,0.00358202071455597,0.00358202071455597,0.00453232241250295,0.0132000278278093,0.0169059351287196,0.0190542310102839,0.0190542310102839,0.0161212563289157,0.0161212563289157,0.0150262224558049,0.0102173877436565,0.0283827174119015,0.0315474419523496,0.0315474419523496,0.0167529831635213,0,0.00514559911244038,0.00514559911244038,0.00508034309129023,0.00442188372146159,0.0038435876571942,0.00239480691237551,0.00260734063986123,0.0039725603832804,0.00957743176906106,0.00957743176906106,0.00581096922911897,0.0035036439069748,0.0035036439069748,0.006022426787101,0.00717591348232326,0.00717591348232326,0.00563461109905574,0.00563461109905574,0.00394681919708934,0.00394681919708934,0.0042613388338076,0.0411363868410383,0.067332048655654,0.067332048655654,0.0458857381388935,0.0113094132263814,0.0133807975690104,0.0133807975690104,0.0179797200004596,0.0252456715419002,0.0393519905789401,0.0393519905789401,0.0163370116979136,0,0.00492122371187369,0.00509445905544039,0.00526784918019097,0.00527020920018856,0.00527020920018856,0.00300083045444326,0.00332497570422106,0.00799281734418551,0.0101538892161153,0.0101538892161153,0.00793119616266108,0.00331064726117498,0.00372078653358784,0.0070461423085446,0.0070461423085446,0.00610275395545739,0.00602666676303408,0.00602666676303408,0.00543386371992291,0.00525708012566597,0.00524992011562151,0.0173605948101168,0.0393445955374236,0.0393445955374236,0.0303964625126344,0.0131086217528071,0.0107055776538291,0.0107055776538291,0.0386193918540094,0.0517739363626381,0.0517739363626381,0.0431613518378618,0.015732869372176,0
"28",0,0,0,0,0,0,0,0,0,0,0,0,0,0,0,0,0,0,0,0,0,0,0,0,0,0,0,0,0,0,0,0,0,0,0,0,0,0,0,0,0,0,0,0,0,0,0,0,0,0,0,0,0,0,0,0,0,0,0,0,0,0,0,0,0,0,0,0,0,0,0,0,0,0,0,0,0,0,0,0,0,0,0,0,0,0,0,0,0,0,0,0,0,0,0,0,0,0,0,0,0,0,0,0,0,0,0,0,0,0,0,0,0,0,0,0,0,0,0,0,0,0,0,0,0,0,0,0,0,0,0,0,0,0,0,0
